company,quarter,post_count
ClubOS (Formerly ASF),2025Q4,71
GloFox (ABC Fitness),2015Q4,5
GloFox (ABC Fitness),2016Q1,1
GloFox (ABC Fitness),2016Q3,1
GloFox (ABC Fitness),2021Q3,1
GloFox (ABC Fitness),2021Q4,3
GloFox (ABC Fitness),2022Q1,2
GloFox (ABC Fitness),2022Q3,1
GloFox (ABC Fitness),2023Q1,1
GloFox (ABC Fitness),2023Q2,3
GloFox (ABC Fitness),2023Q3,1
GloFox (ABC Fitness),2023Q4,5
GloFox (ABC Fitness),2024Q1,5
GloFox (ABC Fitness),2024Q2,2
GloFox (ABC Fitness),2024Q3,2
GloFox (ABC Fitness),2025Q1,1
GloFox (ABC Fitness),2025Q2,12
GloFox (ABC Fitness),2025Q3,11
GloFox (ABC Fitness),2025Q4,63
Kicksite,2025Q4,86
MyStudio,2025Q4,11
Spark Membership,2025Q4,2
ZenPlanner (Daxko),2025Q4,88
